Has Online delivery,Aggregate rating
No,2.465295774647887
Yes,3.2488372093023252
